Workbook

Sheet วิธีใช้
A1: ตาราง label คลิปทดสอบเว็บแอป
A3: ลำดับงาน
A4: 1. แผนคลิป: ผู้อัด 2 คน คนละ 14 คลิป รวม 28 คลิป (P1 = ผู้วิจัย, P2 = เพื่อน) ตั้งชื่อไฟล์ตามรหัส เช่น P1_C01.mp4 ติ๊ก 'อัดแล้ว' เมื่อเสร็จ
A5: 2. เฉลย: ผู้วิจัยดูทุกคลิปแล้วจดปัญหาทุกจุดพร้อมเวลา ก่อนรันแอป (ห้ามดูผลแอปก่อน)
A6: 2b. เฉลยคนที่2: อีกคนจดเฉลยของทั้ง 28 คลิปแยกกัน ห้ามดูชีตเฉลยของอีกคน ระบบจะเทียบความตรงกันให้เอง
A7: 3. รันแอปคลิปละ 2 รอบ: โค้ช 'Gemini เท่านั้น' และ 'โค้ชในเครื่อง' ใช้คลิปไฟล์เดียวกัน
A8: 4. ระบบเตือน: จดทุกข้อในส่วน 'เริ่มแก้ตรงนี้ก่อน' ของรายงาน แล้วบอกว่าตรงกับเฉลยไหม
A9: กลับไปที่ชีตเฉลย กรอกว่าปัญหาแต่ละข้อถูกจับได้ไหม (แยก Gemini / ในเครื่อง) และเวลาที่ระบบบอก
A10: 5. ตรวจคำแนะนำ: ทุกข้อในรายงาน (ทั้งจุดเด่นและควรแก้) เปิดคลิปดูว่าจริงไหม
A11: 6. ปิดชื่อ: พิมพ์รายงานสองแบบเป็น A/B สลับกันแบบสุ่ม ให้เพื่อนเลือกโดยไม่บอกว่าแบบไหนมาจากโค้ชไหน
A12: 7. สรุปผล: คำนวณให้อัตโนมัติ ทั้งรวม แยกรายผู้อัด และความตรงกันของเฉลย 2 คน
A14: สีของช่อง
... A22: คำฟุ่มเฟือยระบบไม่ได้วัด: ถ้าระบบพูดถึงคำฟุ่มเฟือย ให้นับเป็นเตือนผิด (ใช้ทดสอบว่าตัวตรวจกันได้ไหม)

Sheet สรุปผล
A1: สรุปผล (คำนวณอัตโนมัติ · แถวตัวอย่างไม่นับ)
A3: ทดสอบ 1: จับปัญหาได้ถูกไหม
B4: Gemini | C4: ในเครื่อง
A5: จำนวนปัญหาในเฉลย | B5: =COUNTIFS(เฉลย!$A$4:$A$203,"<>",เฉลย!$C$4:$C$203,"<>") | C5: =B5
A6: Recall รวม (จับได้ ÷ ปัญหาจริง) | B6: =IF((B5)=0,"-",(COUNTIFS(เฉลย!$G$4:$G$203,"Y"))/(B5)) | C6: =IF((C5)=0,"-",(COUNTIFS(เฉลย!$I$4:$I$203,"Y"))/(C5))
A7: Recall ภาษาไทย | B7: =IF((COUNTIFS(เฉลย!$B$4:$B$203,"ไทย",เฉลย!$C$4:$C$203,"<>"))=0,"-",(COUNTIFS(เฉลย!$G$4:$G$203,"Y",เฉลย!$B$4:$B$203,"ไทย"))/(COUNTIFS(เฉลย!$B$4:$B$203,"ไทย",เฉลย!$C$4:$C$203,"<>"))) | C7: =IF((COUNTIFS(เฉลย!$B$4:$B$203,"ไทย",เฉลย!$C$4:$C$203,"<>"))=0,"-",(COUNTIFS(เฉลย!$I$4:$I$203,"Y",เฉลย!$B$4:$B$203,"ไทย"))/(COUNTIFS(เฉลย!$B$4:$B$203,"ไทย",เฉลย!$C$4:$C$203,"<>")))
A8: Recall ภาษาอังกฤษ | B8: =IF((COUNTIFS(เฉลย!$B$4:$B$203,"อังกฤษ",เฉลย!$C$4:$C$203,"<>"))=0,"-",(COUNTIFS(เฉลย!$G$4:$G$203,"Y",เฉลย!$B$4:$B$203,"อังกฤษ"))/(COUNTIFS(เฉลย!$B$4:$B$203,"อังกฤษ",เฉลย!$C$4:$C$203,"<>"))) | C8: =IF((COUNTIFS(เฉลย!$B$4:$B$203,"อังกฤษ",เฉลย!$C$4:$C$203,"<>"))=0,"-",(COUNTIFS(เฉลย!$I$4:$I$203,"Y",เฉลย!$B$4:$B$203,"อังกฤษ"))/(COUNTIFS(เฉลย!$B$4:$B$203,"อังกฤษ",เฉลย!$C$4:$C$203,"<>")))
A9: จำนวนข้อที่ระบบเตือน | B9: =COUNTIFS(ระบบเตือน!$A$4:$A$203,"<>",ระบบเตือน!$C$4:$C$203,"Gemini") | C9: =COUNTIFS(ระบบเตือน!$A$4:$A$203,"<>",ระบบเตือน!$C$4:$C$203,"ในเครื่อง")
A10: Precision (เตือนถูก ÷ เตือนทั้งหมด) | B10: =IF((B9)=0,"-",(COUNTIFS(ระบบเตือน!$C$4:$C$203,"Gemini",ระบบเตือน!$H$4:$H$203,"Y"))/(B9)) | C10: =IF((C9)=0,"-",(COUNTIFS(ระบบเตือน!$C$4:$C$203,"ในเครื่อง",ระบบเตือน!$H$4:$H$203,"Y"))/(C9))
A11: Precision ภาษาไทย | B11: =IF((COUNTIFS(ระบบเตือน!$C$4:$C$203,"Gemini",ระบบเตือน!$B$4:$B$203,"ไทย"))=0,"-",(COUNTIFS(ระบบเตือน!$C$4:$C$203,"Gemini",ระบบเตือน!$H$4:$H$203,"Y",ระบบเตือน!$B$4:$B$203,"ไทย"))/(COUNTIFS(ระบบเตือน!$C$4:$C$203,"Gemini",ระบบเตือน!$B$4:$B$203,"ไทย"))) | C11: =IF((COUNTIFS(ระบบเตือน!$C$4:$C$203,"ในเครื่อง",ระบบเตือน!$B$4:$B$203,"ไทย"))=0,"-",(COUNTIFS(ระบบเตือน!$C$4:$C$203,"ในเครื่อง",ระบบเตือน!$H$4:$H$203,"Y",ระบบเตือน!$B$4:$B$203,"ไทย"))/(COUNTIFS(ระบบเตือน!$C$4:$C$203,"ในเครื่อง",ระบบเตือน!$B$4:$B$203,"ไทย")))
A12: Precision ภาษาอังกฤษ | B12: =IF((COUNTIFS(ระบบเตือน!$C$4:$C$203,"Gemini",ระบบเตือน!$B$4:$B$203,"อังกฤษ"))=0,"-",(COUNTIFS(ระบบเตือน!$C$4:$C$203,"Gemini",ระบบเตือน!$H$4:$H$203,"Y",ระบบเตือน!$B$4:$B$203,"อังกฤษ"))/(COUNTIFS(ระบบเตือน!$C$4:$C$203,"Gemini",ระบบเตือน!$B$4:$B$203,"อังกฤษ"))) | C12: =IF((COUNTIFS(ระบบเตือน!$C$4:$C$203,"ในเครื่อง",ระบบเตือน!$B$4:$B$203,"อังกฤษ"))=0,"-",(COUNTIFS(ระบบเตือน!$C$4:$C$203,"ในเครื่อง",ระบบเตือน!$H$4:$H$203,"Y",ระบบเตือน!$B$4:$B$203,"อังกฤษ"))/(COUNTIFS(ระบบเตือน!$C$4:$C$203,"ในเครื่อง",ระบบเตือน!$B$4:$B$203,"อังกฤษ")))
A13: ความคลาดเคลื่อนของเวลาเฉลี่ย (วินาที) | B13: =IFERROR(AVERAGE(เฉลย!$K$4:$K$203),"-") | C13: =IFERROR(AVERAGE(เฉลย!$L$4:$L$203),"-")
A15: ทดสอบ 2: คำแนะนำพูดจริงไหม
B16: Gemini | C16: ในเครื่อง
A17: จำนวนคำแนะนำที่ตรวจได้ | B17: =COUNTIFS(ตรวจคำแนะนำ!$B$4:$B$203,"Gemini",ตรวจคำแนะนำ!$F$4:$F$203,"จริง")+COUNTIFS(ตรวจคำแนะนำ!$B$4:$B$203,"Gemini",ตรวจคำแนะนำ!$F$4:$F$203,"ไม่จริง") | C17: =COUNTIFS(ตรวจคำแนะนำ!$B$4:$B$203,"ในเครื่อง",ตรวจคำแนะนำ!$F$4:$F$203,"จริง")+COUNTIFS(ตรวจคำแนะนำ!$B$4:$B$203,"ในเครื่อง",ตรวจคำแนะนำ!$F$4:$F$203,"ไม่จริง")
A18: % คำแนะนำที่จริง | B18: =IF((B17)=0,"-",(COUNTIFS(ตรวจคำแนะนำ!$B$4:$B$203,"Gemini",ตรวจคำแนะนำ!$F$4:$F$203,"จริง"))/(B17)) | C18: =IF((C17)=0,"-",(COUNTIFS(ตรวจคำแนะนำ!$B$4:$B$203,"ในเครื่อง",ตรวจคำแนะนำ!$F$4:$F$203,"จริง"))/(C17))
A19: จำนวนข้อที่ตรวจไม่ได้ | B19: =COUNTIFS(ตรวจคำแนะนำ!$B$4:$B$203,"Gemini",ตรวจคำแนะนำ!$F$4:$F$203,"ตรวจไม่ได้") | C19: =COUNTIFS(ตรวจคำแนะนำ!$B$4:$B$203,"ในเครื่อง",ตรวจคำแนะนำ!$F$4:$F$203,"ตรวจไม่ได้")
A21: ทดสอบ 3: คนชอบแบบไหน (ปิดชื่อ)
B22: Gemini | C22: ในเครื่อง | D22: เท่ากัน
A23: จำนวนครั้งที่ถูกเลือก | B23: =COUNTIF(ปิดชื่อ!$E$4:$E$203,"Gemini") | C23: =COUNTIF(ปิดชื่อ!$E$4:$E$203,"ในเครื่อง") | D23: =COUNTIF(ปิดชื่อ!$E$4:$E$203,"เท่ากัน")
A24: สัดส่วน | B24: =IF((B23+C23+D23)=0,"-",(B23)/(B23+C23+D23)) | C24: =IF((B23+C23+D23)=0,"-",(C23)/(B23+C23+D23)) | D24: =IF((B23+C23+D23)=0,"-",(D23)/(B23+C23+D23))
A26: ทดสอบ 1 แยกรายผู้อัด
B27: Gemini | C27: ในเครื่อง
A28: Recall P1 (ผู้วิจัย) | B28: =IF((COUNTIFS(เฉลย!$A$4:$A$203,"P1_*",เฉลย!$C$4:$C$203,"<>"))=0,"-",(COUNTIFS(เฉลย!$G$4:$G$203,"Y",เฉลย!$A$4:$A$203,"P1_*"))/(COUNTIFS(เฉลย!$A$4:$A$203,"P1_*",เฉลย!$C$4:$C$203,"<>"))) | C28: =IF((COUNTIFS(เฉลย!$A$4:$A$203,"P1_*",เฉลย!$C$4:$C$203,"<>"))=0,"-",(COUNTIFS(เฉลย!$I$4:$I$203,"Y",เฉลย!$A$4:$A$203,"P1_*"))/(COUNTIFS(เฉลย!$A$4:$A$203,"P1_*",เฉลย!$C$4:$C$203,"<>")))
A29: Precision P1 (ผู้วิจัย) | B29: =IF((COUNTIFS(ระบบเตือน!$C$4:$C$203,"Gemini",ระบบเตือน!$A$4:$A$203,"P1_*"))=0,"-",(COUNTIFS(ระบบเตือน!$C$4:$C$203,"Gemini",ระบบเตือน!$H$4:$H$203,"Y",ระบบเตือน!$A$4:$A$203,"P1_*"))/(COUNTIFS(ระบบเตือน!$C$4:$C$203,"Gemini",ระบบเตือน!$A$4:$A$203,"P1_*"))) | C29: =IF((COUNTIFS(ระบบเตือน!$C$4:$C$203,"ในเครื่อง",ระบบเตือน!$A$4:$A$203,"P1_*"))=0,"-",(COUNTIFS(ระบบเตือน!$C$4:$C$203,"ในเครื่อง",ระบบเตือน!$H$4:$H$203,"Y",ระบบเตือน!$A$4:$A$203,"P1_*"))/(COUNTIFS(ระบบเตือน!$C$4:$C$203,"ในเครื่อง",ระบบเตือน!$A$4:$A$203,"P1_*")))
A30: Recall P2 (เพื่อน) | B30: =IF((COUNTIFS(เฉลย!$A$4:$A$203,"P2_*",เฉลย!$C$4:$C$203,"<>"))=0,"-",(COUNTIFS(เฉลย!$G$4:$G$203,"Y",เฉลย!$A$4:$A$203,"P2_*"))/(COUNTIFS(เฉลย!$A$4:$A$203,"P2_*",เฉลย!$C$4:$C$203,"<>"))) | C30: =IF((COUNTIFS(เฉลย!$A$4:$A$203,"P2_*",เฉลย!$C$4:$C$203,"<>"))=0,"-",(COUNTIFS(เฉลย!$I$4:$I$203,"Y",เฉลย!$A$4:$A$203,"P2_*"))/(COUNTIFS(เฉลย!$A$4:$A$203,"P2_*",เฉลย!$C$4:$C$203,"<>")))
A31: Precision P2 (เพื่อน) | B31: =IF((COUNTIFS(ระบบเตือน!$C$4:$C$203,"Gemini",ระบบเตือน!$A$4:$A$203,"P2_*"))=0,"-",(COUNTIFS(ระบบเตือน!$C$4:$C$203,"Gemini",ระบบเตือน!$H$4:$H$203,"Y",ระบบเตือน!$A$4:$A$203,"P2_*"))/(COUNTIFS(ระบบเตือน!$C$4:$C$203,"Gemini",ระบบเตือน!$A$4:$A$203,"P2_*"))) | C31: =IF((COUNTIFS(ระบบเตือน!$C$4:$C$203,"ในเครื่อง",ระบบเตือน!$A$4:$A$203,"P2_*"))=0,"-",(COUNTIFS(ระบบเตือน!$C$4:$C$203,"ในเครื่อง",ระบบเตือน!$H$4:$H$203,"Y",ระบบเตือน!$A$4:$A$203,"P2_*"))/(COUNTIFS(ระบบเตือน!$C$4:$C$203,"ในเครื่อง",ระบบเตือน!$A$4:$A$203,"P2_*")))
A33: ความน่าเชื่อถือของเฉลย (2 คนจดตรงกันไหม)
A34: จำนวนปัญหาที่คนที่ 1 จด | B34: =B5
A35: จำนวนปัญหาที่คนที่ 2 จด | B35: =COUNTIFS(เฉลยคนที่2!$A$4:$A$203,"<>",เฉลยคนที่2!$C$4:$C$203,"<>")
A36: จำนวนที่ตรงกัน | B36: =COUNTIF(เฉลยคนที่2!$G$4:$G$203,"Y")
A37: ความตรงกัน (2 × ตรงกัน ÷ รวมสองคน) | B37: =IF((B34+B35)=0,"-",(2*B36)/(B34+B35))
A39: ความตรงกันตั้งแต่ราว 80% ขึ้นไปถือว่าเฉลยเชื่อถือได้ · ถ้าต่ำ ให้สองคนคุยกันแล้วแก้ชีตเฉลยหลัก
A40: หมายเหตุ: Recall นับจากคอลัมน์ G/I ในชีตเฉลย, Precision นับจากคอลัมน์ H ในชีตระบบเตือน, กติกา 'ตรง' ดูชีตวิธีใช้

Sheet รายการ
A1: ประเภทปัญหา | B1: ภาษา | C1: ใช่/ไม่ | D1: โค้ช | E1: ผลตรวจ | F1: เลือก | G1: ส่วน
A2: มองออกนอกกล้อง | B2: ไทย | C2: Y | D2: Gemini | E2: จริง | F2: A | G2: ควรแก้
A3: ก้มหน้า | B3: อังกฤษ | C3: N | D3: ในเครื่อง | E3: ไม่จริง | F3: B | G3: จุดเด่น
A4: หันหน้าซ้าย/ขวา | E4: ตรวจไม่ได้ | F4: เท่ากัน
A5: เงยหน้า
A6: มือไม่อยู่ในเฟรม
A7: มือขยับมาก
A8: หน้านิ่ง/ไม่ยิ้ม
A9: หยุดพูดนาน (≥3 วิ)
A10: เริ่มตอบช้า (≥3 วิ)
A11: พูดเร็วเกินไป
A12: พูดช้าเกินไป
A13: คำตอบสั้นไป
A14: คำตอบยาวไป
A15: เนื้อหาขาดตัวอย่าง/โครงสร้าง
A16: คำฟุ่มเฟือย (ระบบไม่วัด)

Sheet แผนคลิป
A1: แผนอัดคลิป 2 คน × 14 คลิป · ความยาวคลิปละ 60–120 วินาที · นั่งหน้ากล้องในที่แสงพอ
A2: คลิป | B2: ภาษา | C2: ผู้พูด | D2: คำถามที่แนะนำ | E2: ปัญหาที่ตั้งใจทำ (เวลาประมาณ) | F2: อัดแล้ว | G2: ชื่อไฟล์ / หมายเหตุ
A3: P1_C01 | B3: ไทย | C3: ผู้วิจัย | D3: q1 จุดแข็ง/จุดอ่อน | E3: ไม่มีปัญหา ตอบดี มองกล้อง (ตัวควบคุม: ระบบไม่ควรเตือน)
A4: P1_C02 | B4: ไทย | C4: ผู้วิจัย | D4: q3 ตัดสินใจยาก | E4: ก้มอ่านโน้ตช่วง 15–25 วิ
A5: P1_C03 | B5: ไทย | C5: ผู้วิจัย | D5: q4 ทีมมีปัญหา | E5: เริ่มตอบช้า 4 วิ + เงียบกลางคำตอบ 5 วิ ช่วงประมาณ 40 วิ
A6: P1_C04 | B6: ไทย | C6: ผู้วิจัย | D6: q2 เพื่อนบรรยาย | E6: หันซ้ายช่วง 20–26 วิ และหันขวาช่วง 50–56 วิ
A7: P1_C05 | B7: ไทย | C7: ผู้วิจัย | D7: intro แนะนำตัว | E7: มือไม่อยู่ในเฟรมทั้งคลิป + หน้านิ่งไม่ยิ้ม
A8: P1_C06 | B8: ไทย | C8: ผู้วิจัย | D8: q1 จุดแข็ง/จุดอ่อน | E8: ตอบสั้นไม่ถึง 30 วิ ไม่มีตัวอย่าง
A9: P1_C07 | B9: ไทย | C9: ผู้วิจัย | D9: q5 เห็นต่าง | E9: พูดเร็วมาก + พูด 'เอ่อ' บ่อย (ทดสอบว่าระบบไม่อ้างเรื่องคำฟุ่มเฟือย)
A10: P1_C08 | B10: อังกฤษ | C10: ผู้วิจัย | D10: intro Tell me about yourself | E10: No problems, good answer (control)
A11: P1_C09 | B11: อังกฤษ | C11: ผู้วิจัย | D11: q3 difficult decision | E11: Look away from camera 20–30 s
A12: P1_C10 | B12: อังกฤษ | C12: ผู้วิจัย | D12: q6 tight deadline | E12: Long pause 6 s around 45 s
A13: P1_C11 | B13: อังกฤษ | C13: ผู้วิจัย | D13: q4 team problem | E13: Head down reading notes 10–22 s and 60–70 s
A14: P1_C12 | B14: อังกฤษ | C14: ผู้วิจัย | D14: q2 best friend | E14: Hands moving a lot the whole clip, little smiling
... A30: P2_C14 | B30: อังกฤษ | C30: เพื่อน | D30: q5 disagreement | E30: Speak very fast + many 'um/uh'

Sheet เฉลย
A1: เฉลย: ปัญหาที่เกิดจริงในคลิป (กรอกคอลัมน์ A–F ก่อนรันแอป, G–J หลังรันแอป)
A2: คลิป | B2: ภาษา (อัตโนมัติ) | C2: ประเภทปัญหา | D2: เริ่ม (วิ) | E2: จบ (วิ) | F2: หมายเหตุ | G2: จับได้ Gemini (Y/N) | H2: เวลาที่ Gemini บอก (เริ่ม วิ) | I2: จับได้ ในเครื่อง (Y/N) | J2: เวลาที่ในเครื่องบอก (เริ่ม วิ) | K2: คลาดเคลื่อน Gemini (วิ) | L2: คลาดเคลื่อน ในเครื่อง (วิ)
A3: ตัวอย่าง | B3: =IF(A3="","",IFERROR(INDEX(แผนคลิป!$B:$B,MATCH(A3,แผนคลิป!$A:$A,0)),"")) | C3: ก้มหน้า | D3: 15 | E3: 25 | F3: ก้มอ่านโน้ต (คลิปจริงใช้รหัสเช่น P1_C02) | G3: Y | H3: 14 | I3: N | K3: =IF(OR(D3="",H3=""),"",ABS(H3-D3)) | L3: =IF(OR(D3="",J3=""),"",ABS(J3-D3))
B4: =IF(A4="","",IFERROR(INDEX(แผนคลิป!$B:$B,MATCH(A4,แผนคลิป!$A:$A,0)),"")) | K4: =IF(OR(D4="",H4=""),"",ABS(H4-D4)) | L4: =IF(OR(D4="",J4=""),"",ABS(J4-D4))
B5: =IF(A5="","",IFERROR(INDEX(แผนคลิป!$B:$B,MATCH(A5,แผนคลิป!$A:$A,0)),"")) | K5: =IF(OR(D5="",H5=""),"",ABS(H5-D5)) | L5: =IF(OR(D5="",J5=""),"",ABS(J5-D5))
B6: =IF(A6="","",IFERROR(INDEX(แผนคลิป!$B:$B,MATCH(A6,แผนคลิป!$A:$A,0)),"")) | K6: =IF(OR(D6="",H6=""),"",ABS(H6-D6)) | L6: =IF(OR(D6="",J6=""),"",ABS(J6-D6))
B7: =IF(A7="","",IFERROR(INDEX(แผนคลิป!$B:$B,MATCH(A7,แผนคลิป!$A:$A,0)),"")) | K7: =IF(OR(D7="",H7=""),"",ABS(H7-D7)) | L7: =IF(OR(D7="",J7=""),"",ABS(J7-D7))
B8: =IF(A8="","",IFERROR(INDEX(แผนคลิป!$B:$B,MATCH(A8,แผนคลิป!$A:$A,0)),"")) | K8: =IF(OR(D8="",H8=""),"",ABS(H8-D8)) | L8: =IF(OR(D8="",J8=""),"",ABS(J8-D8))
B9: =IF(A9="","",IFERROR(INDEX(แผนคลิป!$B:$B,MATCH(A9,แผนคลิป!$A:$A,0)),"")) | K9: =IF(OR(D9="",H9=""),"",ABS(H9-D9)) | L9: =IF(OR(D9="",J9=""),"",ABS(J9-D9))
B10: =IF(A10="","",IFERROR(INDEX(แผนคลิป!$B:$B,MATCH(A10,แผนคลิป!$A:$A,0)),"")) | K10: =IF(OR(D10="",H10=""),"",ABS(H10-D10)) | L10: =IF(OR(D10="",J10=""),"",ABS(J10-D10))
B11: =IF(A11="","",IFERROR(INDEX(แผนคลิป!$B:$B,MATCH(A11,แผนคลิป!$A:$A,0)),"")) | K11: =IF(OR(D11="",H11=""),"",ABS(H11-D11)) | L11: =IF(OR(D11="",J11=""),"",ABS(J11-D11))
B12: =IF(A12="","",IFERROR(INDEX(แผนคลิป!$B:$B,MATCH(A12,แผนคลิป!$A:$A,0)),"")) | K12: =IF(OR(D12="",H12=""),"",ABS(H12-D12)) | L12: =IF(OR(D12="",J12=""),"",ABS(J12-D12))
B13: =IF(A13="","",IFERROR(INDEX(แผนคลิป!$B:$B,MATCH(A13,แผนคลิป!$A:$A,0)),"")) | K13: =IF(OR(D13="",H13=""),"",ABS(H13-D13)) | L13: =IF(OR(D13="",J13=""),"",ABS(J13-D13))
B14: =IF(A14="","",IFERROR(INDEX(แผนคลิป!$B:$B,MATCH(A14,แผนคลิป!$A:$A,0)),"")) | K14: =IF(OR(D14="",H14=""),"",ABS(H14-D14)) | L14: =IF(OR(D14="",J14=""),"",ABS(J14-D14))
B15: =IF(A15="","",IFERROR(INDEX(แผนคลิป!$B:$B,MATCH(A15,แผนคลิป!$A:$A,0)),"")) | K15: =IF(OR(D15="",H15=""),"",ABS(H15-D15)) | L15: =IF(OR(D15="",J15=""),"",ABS(J15-D15))
... B203: =IF(A203="","",IFERROR(INDEX(แผนคลิป!$B:$B,MATCH(A203,แผนคลิป!$A:$A,0)),"")) | K203: =IF(OR(D203="",H203=""),"",ABS(H203-D203)) | L203: =IF(OR(D203="",J203=""),"",ABS(J203-D203))

Sheet เฉลยคนที่2
A1: เฉลยคนที่ 2: จดแยกกันโดยไม่ดูชีตเฉลย · ตรง = คลิปเดียวกัน ประเภทเดียวกัน เวลาซ้อนกัน ±2 วิ
A2: คลิป | B2: ภาษา (อัตโนมัติ) | C2: ประเภทปัญหา | D2: เริ่ม (วิ) | E2: จบ (วิ) | F2: หมายเหตุ | G2: ตรงกับเฉลยคนที่ 1 (อัตโนมัติ)
A3: ตัวอย่าง | B3: =IF(A3="","",IFERROR(INDEX(แผนคลิป!$B:$B,MATCH(A3,แผนคลิป!$A:$A,0)),"")) | C3: ก้มหน้า | D3: 16 | E3: 24 | G3: =IF(OR(A3="",C3=""),"",IF(D3="",IF(COUNTIFS(เฉลย!$A:$A,A3,เฉลย!$C:$C,C3)>0,"Y","N"),IF(COUNTIFS(เฉลย!$A:$A,A3,เฉลย!$C:$C,C3,เฉลย!$D:$D,"<="&(N(E3)+2),เฉลย!$E:$E,">="&(D3-2))>0,"Y","N")))
B4: =IF(A4="","",IFERROR(INDEX(แผนคลิป!$B:$B,MATCH(A4,แผนคลิป!$A:$A,0)),"")) | G4: =IF(OR(A4="",C4=""),"",IF(D4="",IF(COUNTIFS(เฉลย!$A:$A,A4,เฉลย!$C:$C,C4)>0,"Y","N"),IF(COUNTIFS(เฉลย!$A:$A,A4,เฉลย!$C:$C,C4,เฉลย!$D:$D,"<="&(N(E4)+2),เฉลย!$E:$E,">="&(D4-2))>0,"Y","N")))
B5: =IF(A5="","",IFERROR(INDEX(แผนคลิป!$B:$B,MATCH(A5,แผนคลิป!$A:$A,0)),"")) | G5: =IF(OR(A5="",C5=""),"",IF(D5="",IF(COUNTIFS(เฉลย!$A:$A,A5,เฉลย!$C:$C,C5)>0,"Y","N"),IF(COUNTIFS(เฉลย!$A:$A,A5,เฉลย!$C:$C,C5,เฉลย!$D:$D,"<="&(N(E5)+2),เฉลย!$E:$E,">="&(D5-2))>0,"Y","N")))
B6: =IF(A6="","",IFERROR(INDEX(แผนคลิป!$B:$B,MATCH(A6,แผนคลิป!$A:$A,0)),"")) | G6: =IF(OR(A6="",C6=""),"",IF(D6="",IF(COUNTIFS(เฉลย!$A:$A,A6,เฉลย!$C:$C,C6)>0,"Y","N"),IF(COUNTIFS(เฉลย!$A:$A,A6,เฉลย!$C:$C,C6,เฉลย!$D:$D,"<="&(N(E6)+2),เฉลย!$E:$E,">="&(D6-2))>0,"Y","N")))
B7: =IF(A7="","",IFERROR(INDEX(แผนคลิป!$B:$B,MATCH(A7,แผนคลิป!$A:$A,0)),"")) | G7: =IF(OR(A7="",C7=""),"",IF(D7="",IF(COUNTIFS(เฉลย!$A:$A,A7,เฉลย!$C:$C,C7)>0,"Y","N"),IF(COUNTIFS(เฉลย!$A:$A,A7,เฉลย!$C:$C,C7,เฉลย!$D:$D,"<="&(N(E7)+2),เฉลย!$E:$E,">="&(D7-2))>0,"Y","N")))
B8: =IF(A8="","",IFERROR(INDEX(แผนคลิป!$B:$B,MATCH(A8,แผนคลิป!$A:$A,0)),"")) | G8: =IF(OR(A8="",C8=""),"",IF(D8="",IF(COUNTIFS(เฉลย!$A:$A,A8,เฉลย!$C:$C,C8)>0,"Y","N"),IF(COUNTIFS(เฉลย!$A:$A,A8,เฉลย!$C:$C,C8,เฉลย!$D:$D,"<="&(N(E8)+2),เฉลย!$E:$E,">="&(D8-2))>0,"Y","N")))
B9: =IF(A9="","",IFERROR(INDEX(แผนคลิป!$B:$B,MATCH(A9,แผนคลิป!$A:$A,0)),"")) | G9: =IF(OR(A9="",C9=""),"",IF(D9="",IF(COUNTIFS(เฉลย!$A:$A,A9,เฉลย!$C:$C,C9)>0,"Y","N"),IF(COUNTIFS(เฉลย!$A:$A,A9,เฉลย!$C:$C,C9,เฉลย!$D:$D,"<="&(N(E9)+2),เฉลย!$E:$E,">="&(D9-2))>0,"Y","N")))
B10: =IF(A10="","",IFERROR(INDEX(แผนคลิป!$B:$B,MATCH(A10,แผนคลิป!$A:$A,0)),"")) | G10: =IF(OR(A10="",C10=""),"",IF(D10="",IF(COUNTIFS(เฉลย!$A:$A,A10,เฉลย!$C:$C,C10)>0,"Y","N"),IF(COUNTIFS(เฉลย!$A:$A,A10,เฉลย!$C:$C,C10,เฉลย!$D:$D,"<="&(N(E10)+2),เฉลย!$E:$E,">="&(D10-2))>0,"Y","N")))
B11: =IF(A11="","",IFERROR(INDEX(แผนคลิป!$B:$B,MATCH(A11,แผนคลิป!$A:$A,0)),"")) | G11: =IF(OR(A11="",C11=""),"",IF(D11="",IF(COUNTIFS(เฉลย!$A:$A,A11,เฉลย!$C:$C,C11)>0,"Y","N"),IF(COUNTIFS(เฉลย!$A:$A,A11,เฉลย!$C:$C,C11,เฉลย!$D:$D,"<="&(N(E11)+2),เฉลย!$E:$E,">="&(D11-2))>0,"Y","N")))
B12: =IF(A12="","",IFERROR(INDEX(แผนคลิป!$B:$B,MATCH(A12,แผนคลิป!$A:$A,0)),"")) | G12: =IF(OR(A12="",C12=""),"",IF(D12="",IF(COUNTIFS(เฉลย!$A:$A,A12,เฉลย!$C:$C,C12)>0,"Y","N"),IF(COUNTIFS(เฉลย!$A:$A,A12,เฉลย!$C:$C,C12,เฉลย!$D:$D,"<="&(N(E12)+2),เฉลย!$E:$E,">="&(D12-2))>0,"Y","N")))
B13: =IF(A13="","",IFERROR(INDEX(แผนคลิป!$B:$B,MATCH(A13,แผนคลิป!$A:$A,0)),"")) | G13: =IF(OR(A13="",C13=""),"",IF(D13="",IF(COUNTIFS(เฉลย!$A:$A,A13,เฉลย!$C:$C,C13)>0,"Y","N"),IF(COUNTIFS(เฉลย!$A:$A,A13,เฉลย!$C:$C,C13,เฉลย!$D:$D,"<="&(N(E13)+2),เฉลย!$E:$E,">="&(D13-2))>0,"Y","N")))
B14: =IF(A14="","",IFERROR(INDEX(แผนคลิป!$B:$B,MATCH(A14,แผนคลิป!$A:$A,0)),"")) | G14: =IF(OR(A14="",C14=""),"",IF(D14="",IF(COUNTIFS(เฉลย!$A:$A,A14,เฉลย!$C:$C,C14)>0,"Y","N"),IF(COUNTIFS(เฉลย!$A:$A,A14,เฉลย!$C:$C,C14,เฉลย!$D:$D,"<="&(N(E14)+2),เฉลย!$E:$E,">="&(D14-2))>0,"Y","N")))
B15: =IF(A15="","",IFERROR(INDEX(แผนคลิป!$B:$B,MATCH(A15,แผนคลิป!$A:$A,0)),"")) | G15: =IF(OR(A15="",C15=""),"",IF(D15="",IF(COUNTIFS(เฉลย!$A:$A,A15,เฉลย!$C:$C,C15)>0,"Y","N"),IF(COUNTIFS(เฉลย!$A:$A,A15,เฉลย!$C:$C,C15,เฉลย!$D:$D,"<="&(N(E15)+2),เฉลย!$E:$E,">="&(D15-2))>0,"Y","N")))
... B203: =IF(A203="","",IFERROR(INDEX(แผนคลิป!$B:$B,MATCH(A203,แผนคลิป!$A:$A,0)),"")) | G203: =IF(OR(A203="",C203=""),"",IF(D203="",IF(COUNTIFS(เฉลย!$A:$A,A203,เฉลย!$C:$C,C203)>0,"Y","N"),IF(COUNTIFS(เฉลย!$A:$A,A203,เฉลย!$C:$C,C203,เฉลย!$D:$D,"<="&(N(E203)+2),เฉลย!$E:$E,">="&(D203-2))>0,"Y","N")))

Sheet ระบบเตือน
A1: ระบบเตือน: ทุกข้อในส่วน 'เริ่มแก้ตรงนี้ก่อน' ของรายงาน (คลิปละ 2 รายงาน)
A2: คลิป | B2: ภาษา (อัตโนมัติ) | C2: โค้ช | D2: ข้อที่ | E2: ประเภทปัญหาที่ระบบบอก | F2: เริ่ม (วิ) | G2: จบ (วิ) | H2: ตรงกับเฉลย (Y/N) | I2: หมายเหตุ
A3: ตัวอย่าง | B3: =IF(A3="","",IFERROR(INDEX(แผนคลิป!$B:$B,MATCH(A3,แผนคลิป!$A:$A,0)),"")) | C3: Gemini | D3: 1 | E3: ก้มหน้า | F3: 14 | G3: 26 | H3: Y | I3: ตรงกับเฉลยแถวตัวอย่าง
B4: =IF(A4="","",IFERROR(INDEX(แผนคลิป!$B:$B,MATCH(A4,แผนคลิป!$A:$A,0)),""))
B5: =IF(A5="","",IFERROR(INDEX(แผนคลิป!$B:$B,MATCH(A5,แผนคลิป!$A:$A,0)),""))
B6: =IF(A6="","",IFERROR(INDEX(แผนคลิป!$B:$B,MATCH(A6,แผนคลิป!$A:$A,0)),""))
B7: =IF(A7="","",IFERROR(INDEX(แผนคลิป!$B:$B,MATCH(A7,แผนคลิป!$A:$A,0)),""))
B8: =IF(A8="","",IFERROR(INDEX(แผนคลิป!$B:$B,MATCH(A8,แผนคลิป!$A:$A,0)),""))
B9: =IF(A9="","",IFERROR(INDEX(แผนคลิป!$B:$B,MATCH(A9,แผนคลิป!$A:$A,0)),""))
B10: =IF(A10="","",IFERROR(INDEX(แผนคลิป!$B:$B,MATCH(A10,แผนคลิป!$A:$A,0)),""))
B11: =IF(A11="","",IFERROR(INDEX(แผนคลิป!$B:$B,MATCH(A11,แผนคลิป!$A:$A,0)),""))
B12: =IF(A12="","",IFERROR(INDEX(แผนคลิป!$B:$B,MATCH(A12,แผนคลิป!$A:$A,0)),""))
B13: =IF(A13="","",IFERROR(INDEX(แผนคลิป!$B:$B,MATCH(A13,แผนคลิป!$A:$A,0)),""))
B14: =IF(A14="","",IFERROR(INDEX(แผนคลิป!$B:$B,MATCH(A14,แผนคลิป!$A:$A,0)),""))
B15: =IF(A15="","",IFERROR(INDEX(แผนคลิป!$B:$B,MATCH(A15,แผนคลิป!$A:$A,0)),""))
... B203: =IF(A203="","",IFERROR(INDEX(แผนคลิป!$B:$B,MATCH(A203,แผนคลิป!$A:$A,0)),""))

Sheet ตรวจคำแนะนำ
A1: ตรวจคำแนะนำทุกข้อในรายงาน: เปิดคลิปดูว่าจริงไหม
A2: คลิป | B2: โค้ช | C2: ส่วน | D2: ข้อที่ | E2: คำแนะนำ (สรุปสั้น ๆ) | F2: ผลตรวจกับคลิป | G2: หมายเหตุ
A3: ตัวอย่าง | B3: ในเครื่อง | C3: ควรแก้ | D3: 1 | E3: ศีรษะก้มลง 81% ช่วงนานสุด 57–82 วิ | F3: จริง

Sheet ปิดชื่อ
A1: ปิดชื่อ: ผู้อ่านเห็นแค่รายงาน A กับ B แล้วเลือกว่าอันไหนมีประโยชน์กว่า
A2: คลิป | B2: ผู้อ่าน | C2: รายงาน A มาจาก (ผู้วิจัยกรอก ไม่ให้ผู้อ่านเห็น) | D2: ผู้อ่านเลือก | E2: โค้ชที่ถูกเลือก (อัตโนมัติ) | F2: เหตุผลที่เลือก
A3: ตัวอย่าง | B3: เพื่อน 1 | C3: ในเครื่อง | D3: B | E3: =IF(OR(C3="",D3=""),"",IF(D3="เท่ากัน","เท่ากัน",IF(D3="A",C3,IF(C3="Gemini","ในเครื่อง","Gemini")))) | F3: อ่านง่ายกว่า บอกเวลาชัด
E4: =IF(OR(C4="",D4=""),"",IF(D4="เท่ากัน","เท่ากัน",IF(D4="A",C4,IF(C4="Gemini","ในเครื่อง","Gemini"))))
E5: =IF(OR(C5="",D5=""),"",IF(D5="เท่ากัน","เท่ากัน",IF(D5="A",C5,IF(C5="Gemini","ในเครื่อง","Gemini"))))
E6: =IF(OR(C6="",D6=""),"",IF(D6="เท่ากัน","เท่ากัน",IF(D6="A",C6,IF(C6="Gemini","ในเครื่อง","Gemini"))))
E7: =IF(OR(C7="",D7=""),"",IF(D7="เท่ากัน","เท่ากัน",IF(D7="A",C7,IF(C7="Gemini","ในเครื่อง","Gemini"))))
E8: =IF(OR(C8="",D8=""),"",IF(D8="เท่ากัน","เท่ากัน",IF(D8="A",C8,IF(C8="Gemini","ในเครื่อง","Gemini"))))
E9: =IF(OR(C9="",D9=""),"",IF(D9="เท่ากัน","เท่ากัน",IF(D9="A",C9,IF(C9="Gemini","ในเครื่อง","Gemini"))))
E10: =IF(OR(C10="",D10=""),"",IF(D10="เท่ากัน","เท่ากัน",IF(D10="A",C10,IF(C10="Gemini","ในเครื่อง","Gemini"))))
E11: =IF(OR(C11="",D11=""),"",IF(D11="เท่ากัน","เท่ากัน",IF(D11="A",C11,IF(C11="Gemini","ในเครื่อง","Gemini"))))
E12: =IF(OR(C12="",D12=""),"",IF(D12="เท่ากัน","เท่ากัน",IF(D12="A",C12,IF(C12="Gemini","ในเครื่อง","Gemini"))))
E13: =IF(OR(C13="",D13=""),"",IF(D13="เท่ากัน","เท่ากัน",IF(D13="A",C13,IF(C13="Gemini","ในเครื่อง","Gemini"))))
E14: =IF(OR(C14="",D14=""),"",IF(D14="เท่ากัน","เท่ากัน",IF(D14="A",C14,IF(C14="Gemini","ในเครื่อง","Gemini"))))
E15: =IF(OR(C15="",D15=""),"",IF(D15="เท่ากัน","เท่ากัน",IF(D15="A",C15,IF(C15="Gemini","ในเครื่อง","Gemini"))))
... E203: =IF(OR(C203="",D203=""),"",IF(D203="เท่ากัน","เท่ากัน",IF(D203="A",C203,IF(C203="Gemini","ในเครื่อง","Gemini"))))
